,alpha,accuracy,recall,precision,f1
13,0.65,0.8640226628895185,0.8780260707635009,0.8572727272727273,0.8675252989880404
