,alpha,accuracy,recall,precision,f1
11,0.55,0.8856255295114375,0.891566265060241,0.8779661016949153,0.8847139197267293
