,alpha,accuracy,recall,precision,f1
11,0.55,0.8921944035346098,0.8813357185450209,0.8984802431610942,0.8898254063816978
