,alpha,accuracy,recall,precision,f1
9,0.45,0.9651587524585558,0.9713256683751212,0.9604163813176277,0.9658402203856751
