,alpha,accuracy,recall,precision,f1
16,0.8,0.8722627737226277,0.8884758364312267,0.8566308243727598,0.8722627737226278
