,alpha,accuracy,recall,precision,f1
13,0.65,0.8999749937484371,0.908284023668639,0.8959143968871596,0.9020568070519099
