,alpha,accuracy,recall,precision,f1
14,0.7000000000000001,0.8591304347826086,0.8577586206896551,0.8622183708838822,0.8599827139152982
