,alpha,accuracy,recall,precision,f1
19,0.9500000000000001,0.8717320261437909,0.8885245901639345,0.8589540412044374,0.8734891216760676
