,alpha,accuracy,recall,precision,f1
14,0.7000000000000001,0.834840552118039,0.8440959409594095,0.8371454711802379,0.840606338998622
