,alpha,accuracy,recall,precision,f1
12,0.6000000000000001,0.9048194852306097,0.9191474966170501,0.8969957081545065,0.907936507936508
