,alpha,accuracy,recall,precision,f1
12,0.6000000000000001,0.9014084507042254,0.8888888888888888,0.9142857142857143,0.9014084507042254
